objectid,park_name,site_number,table_count,permittable,comments,data_source,lat,lng
33,Wissahickon Valley Park,2,4,Y,Wissahickon Valley Park-Northwestern Stables,Nearmap 2023,40.08432886867368,-75.22931437195915
34,Wissahickon Valley Park,3,4,Y,Wissahickon Valley Park-Northwestern Stables,Nearmap 2023,40.08415883535595,-75.22974279478613
35,Wissahickon Valley Park,1,3,Y,Wissahickon Valley Park-Northwestern Stables,Nearmap 2023,40.08479947488104,-75.22985987242285
36,Wissahickon Valley Park,0,4,Y,Wigard Avenue House,Nearmap 2023,40.053618917587826,-75.22503270264143
37,Wisters Woods Park,1,3,Y, ,Nearmap 2023,40.03181079423645,-75.1547728551995
38,Wisters Woods Park,2,3,Y, ,Nearmap 2023,40.032412198414974,-75.15539755364607
39,Wisters Woods Park,3,2,Y, ,Nearmap 2023,40.0333678629584,-75.15548273859652
40,Awbury Park and Recreation Center,2,2,Y, ,Nearmap 2023,40.052273579371544,-75.16355586368645
41,Awbury Park and Recreation Center,3,2,Y, ,Nearmap 2023,40.05230547308364,-75.1632760768893
42,Awbury Park and Recreation Center,1,3,Y, ,Nearmap 2023,40.05195066709723,-75.16317105147027
43,Fisher Park,1,5,Y,Non-fixed tables,Nearmap 2023,40.04303997508602,-75.13087768849634
44,Fisher Park,2,3,Y, ,Nearmap 2023,40.04293545238396,-75.13109083060577
45,Burholme Park,2,4,Y,Non-fixed tables,Nearmap 2023,40.06918721559774,-75.08927609238786
46,Burholme Park,3,3,Y,,Nearmap 2023,40.06947091151838,-75.08969439958518
47,Burholme Park,1,10,Y, ,GIS Review 2023,40.067057188474784,-75.089218232259
48,Burholme Park,4,3,Y,Non-fixed tables,Nearmap 2023,40.06970296969792,-75.09126915993053
49,Burholme Park,5,3,Y,Non-fixed tables,Nearmap 2023,40.06994807740324,-75.09186542356686
50,Hunting Park,6,5,Y,Numbered site both sides of walkway,Nearmap 2023,40.01699415377401,-75.14353890747485
51,Hunting Park,0,3,Y,Near the baseball field,Nearmap 2023,40.01711450586271,-75.14331243179754
52,Hunting Park,2,3,Y, ,Nearmap 2023,40.0169390781613,-75.1450887924268
53,Hunting Park,3,2,Y, ,Nearmap 2023,40.017294609763965,-75.14578182034188
54,Hunting Park,1,5,Y,Hunting Park Picnic Pavilion,Nearmap 2023,40.015620422734564,-75.1445757954438
55,Hunting Park,4,2,Y, ,Nearmap 2023,40.01584366282817,-75.14288158894936
56,West Fairmount Park,1,2,Y,Next to Kelly Pool,Nearmap 2023,39.97915676061185,-75.20719967174932
57,West Fairmount Park,0,1,N,Next to Cedar Grove,Nearmap 2023,39.97892371311944,-75.20456535819245
58,Cobbs Creek Park,1,3,Y,Close to Blue Bell Tavern,Nearmap 2023,39.91749080027702,-75.2461454624268
59,Pennypack Park,1,4,N,Verree Road Picnic Area,Nearmap 2023,40.08664444308568,-75.0615911319565
60,Pennypack Park,2,4,Y,Verree Road Picnic Area,Nearmap 2023,40.087469473839214,-75.06162759347728
61,Pennypack Park,3,3,Y,Rhawn Street Picnic Area,Nearmap 2023,40.049933968083124,-75.0353336223084
62,Pennypack Park,2,3,Y,Rhawn Street Picnic Area,Nearmap 2023,40.04976415558818,-75.035726380494
63,Pennypack Park,1,4,Y,"Rhawn Street Picnic Pavilion; tables outside pavilion, none under.",GIS Site Visit 2024,40.04954078054713,-75.03664690422086
64,East Fairmount Park,1,3,Y,N 33rd St and Cecil B Moore Ave,Nearmap 2023,39.982050498711935,-75.18899249924786
65,Pennypack Park,4,2,Y,Rhawn Street Picnic Area,Nearmap 2023,40.04993004863029,-75.03337891707692
66,Pennypack Park,5,3,Y,Rhawn Street Picnic Area,Nearmap 2023,40.05030253492797,-75.03312135558679
98,West Fairmount Park,0,1,N,N of Boelson Cottage,Nearmap 2023,39.99054723110269,-75.20115890226529
99,East Fairmount Park,2,3,Y,N 33rd St and Cecil B Moore Ave,Nearmap 2023,39.98308203382432,-75.18892308330587
100,Joseph E Mander Playground,2,3,Y, ,Nearmap 2023,39.989770137061306,-75.18926703804014
101,Joseph E Mander Playground,4,3,Y, ,Nearmap 2023,39.990889124090046,-75.1893456830608
102,Joseph E Mander Playground,3,2,Y, ,Nearmap 2023,39.9918985428035,-75.1886337000252
103,Belmont Plateau,1,3,Y,West Fairmount Park,Nearmap 2023,39.98840331146477,-75.21420213708488
104,Belmont Plateau,2,3,Y,West Fairmount Park,Nearmap 2023,39.98889487857629,-75.21379142260864
105,Belmont Plateau,3,3,Y,West Fairmount Park,Nearmap 2023,39.98883828341913,-75.21422438436446
106,Belmont Plateau,5,3,Y,West Fairmount Park,Nearmap 2023,39.98844120788576,-75.21165213232986
107,Belmont Plateau,4,3,Y,West Fairmount Park,Nearmap 2023,39.98864696624101,-75.2116228946679
108,Belmont Plateau,7,2,Y,West Fairmount Park,Nearmap 2023,39.989905928604074,-75.21342537858055
109,Cobbs Creek Park,1,3,Y,Florence Ave and S 59th St,Nearmap 2023,39.93732001280017,-75.2342006191888
110,Cobbs Creek Park,2,2,Y,Florence Ave and S 59th St,Nearmap 2023,39.93757583895077,-75.23425550073571
111,Whitby Avenue Playground,1,3,Y,Located in Cobbs Creek Park,Nearmap 2023,39.94098193660881,-75.23790600953467
112,Whitby Avenue Playground,2,3,Y,Located in Cobbs Creek Park,Nearmap 2023,39.940746199670265,-75.23800104852597
113,Whitby Avenue Playground,4,3,Y,Located in Cobbs Creek Park,Nearmap 2023,39.94074978362706,-75.23852409473993
114,Whitby Avenue Playground,3,3,Y,Located in Cobbs Creek Park,Nearmap 2023,39.94059631876979,-75.23825639098602
115,Robert Wilson III Park,2,1,Y, ,Nearmap 2023,39.94309736178054,-75.24585112655105
116,Robert Wilson III Park,1,3,Y, ,Nearmap 2023,39.943576257168125,-75.24605913197038
117,Rufus O Williams Memorial Playground,1,2,Y, ,Nearmap 2023: Capital drawings,39.95068898543329,-75.25000094290179
118,Rufus O Williams Memorial Playground,2,3,Y, ,NearMap 2023,39.9500545690086,-75.24991694485912
119,Cobbs Creek Park,1,2,Y,North to Cobbs Creek Community Environmental Center,Nearmap 2023,39.95399533360845,-75.24884470590554
120,Cobbs Creek Park,2,3,Y,North to Cobbs Creek Community Environmental Center,Nearmap 2023,39.95383778497762,-75.24888729443236
121,Cobbs Creek Park,3,3,Y,North to Cobbs Creek Community Environmental Center,Nearmap 2023,39.95358292015652,-75.24891004104673
122,Cobbs Creek Park,4,2,Y,North to Cobbs Creek Community Environmental Center,Nearmap 2023,39.95326565954326,-75.24946102081847
123,Johnny Sample Recreation Center,2,2,Y, ,Nearmap 2023,39.95774344753429,-75.24950431680944
124,Johnny Sample Recreation Center,3,3,Y, ,Nearmap 2023,39.95860475451527,-75.24791129029134
125,Johnny Sample Recreation Center,4,3,N, ,Nearmap 2023,39.95883260211799,-75.2477757638251
250,Frank Palumbo Sr Park,0,2,N, ,Nearmap 2023,39.93924462044602,-75.15567159557517
126,West Fairmount Park,2,2,Y,West Fairmount Park-South George's Hill Picnic Area,Nearmap 2023,39.984690333284114,-75.21913904775376
127,West Fairmount Park,3,3,Y,West Fairmount Park-South George's Hill Picnic Area,Nearmap 2023,39.984846391664284,-75.22081600568814
128,Bartrams Garden,0,3,N,East to Bartram's Garden Barn,Nearmap 2023,39.93270183643999,-75.21166695285639
129,West Fairmount Park,1,5,Y,West Fairmount Park-South George's Hill Picnic Pavilion,Nearmap 2023,39.98487918038155,-75.21958736962787
130,West Fairmount Park,4,3,Y,West Fairmount Park-South George's Hill Picnic Area,Nearmap 2023,39.984384181603275,-75.21829327710284
131,Belmont Grove,2,10,Y,West Fairmount Park- Belmont Grove Picnic Pavilion,Nearmap 2023,39.99191365299804,-75.21542866798252
132,West Fairmount Park,1,6,Y,Martin Luther King Drive Stone Picnic Pavilion,Nearmap 2023,40.00176870165891,-75.19306347390322
133,West Fairmount Park,3,3,Y,Martin Luther King Drive Stone Picnic Pavilion Area,Nearmap 2023,40.00154492269746,-75.19316094191248
134,West Fairmount Park,2,2,Y,Martin Luther King Drive Stone Picnic Pavilion Area,Nearmap 2023,40.001479524593684,-75.19294102730234
135,East Fairmount Park,3,3,Y,North to Lemon Hill,Nearmap 2023,39.97132723805099,-75.1864077905218
136,East Fairmount Park,4,3,Y,North to Lemon Hill,Nearmap 2023,39.97173068036738,-75.18695307336343
137,Cobbs Creek Park,5,3,Y,N of Haverford Ave,PPR_Permittable_Spaces (2023),39.97371194092225,-75.25698097082743
138,East Fairmount Park,9,3,Y,South to Sedgley Porter's House,Nearmap 2023,39.973488539242794,-75.18801467730697
139,West Fairmount Park,4,3,Y,Martin Luther King Drive Stone Picnic Pavilion Area,Nearmap 2023,40.002182869894966,-75.19307362692656
140,West Fairmount Park,5,3,Y,Martin Luther King Drive Stone Picnic Pavilion Area,Nearmap 2023,40.00252052329987,-75.1930639772177
141,West Fairmount Park,3,3,Y,West Fairmount Park-North Georges Hill Picnic Pavilion Area,Nearmap 2023,39.987581507287466,-75.22228062652471
142,West Fairmount Park,0,1,N,N of Boelson Cottage,Nearmap 2023,39.99303066948801,-75.19795386996807
143,West Fairmount Park,0,1,N,N of Boelson Cottage,Nearmap 2023,39.99260511995081,-75.19835341890268
144,West Fairmount Park,0,1,N,West Fairmount Park-S of Belmont & Edgley Cricket Fields,Nearmap 2023,39.99420443176856,-75.21324437933607
145,29th and Chalmers Playground,0,7,N,Van R. Thomas Memorial Picnic Area,Nearmap 2023,39.99853983530233,-75.17909126381304
146,45th and Sansom Tot Lot,0,1,N, ,Nearmap 2023,39.95613236483964,-75.21186566675561
147,48th and Woodland Playground,0,2,N, ,Nearmap 2023,39.94139445195178,-75.21033149077591
148,48th and Woodland Playground,0,2,N, ,Nearmap 2023,39.94230515992853,-75.2101886105218
149,Allens Lane Art Center,0,2,Y, ,Nearmap 2023,40.051698173372664,-75.20259624614481
150,Allens Lane Art Center,0,3,Y, ,Nearmap 2023,40.05125895528876,-75.20333349878092
151,Fletcher B Amos Playground,0,4,N, ,Nearmap 2023,39.982052008962995,-75.16006672717191
152,Athletic Recreation Center,0,3,N, ,Nearmap 2023,39.97814632950558,-75.17857874149354
153,Giuseppe Bardascino Park,0,3,N, ,Nearmap 2023,39.937835946705945,-75.15992258526403
154,Campbell Square,0,2,N, ,Nearmap 2023,39.98578983432325,-75.10362311523426
155,Campbell Square,0,2,N, ,Nearmap 2023,39.98598555815984,-75.10361269932022
156,Campbell Square,0,2,N, ,Nearmap 2023,39.98630766400635,-75.10328310042443
157,Campbell Square,0,2,N, ,Nearmap 2023,39.98623318342775,-75.10343383386845
158,Carousel House Recreation Center,0,7,N,Non-fixed tables,Nearmap 2023,39.97902178397637,-75.21267080206266
159,Carroll Park,0,1,N, ,Nearmap 2023,39.970854520626474,-75.23632748713295
160,Carroll Park,0,1,N, ,Nearmap 2023,39.97130196731744,-75.23660279603091
67,Pennypack on the Delaware,1,2,Y, ,Nearmap 2023,40.02680231166162,-75.0134415978078
68,Pennypack on the Delaware,2,3,Y, ,Nearmap 2023,40.026896873247786,-75.01289197073403
69,Pennypack on the Delaware,3,4,Y,Non-fixed tables,Nearmap 2023,40.02738452758125,-75.01208138490627
70,Pennypack on the Delaware,5,2,Y, ,GIS Review 2023,40.027703842352246,-75.01212974414022
71,Pennypack on the Delaware,4,2,Y, ,Nearmap 2023,40.02776203429123,-75.01140126191956
72,Penn Treaty Park,1,3,Y, ,Nearmap 2023,39.96691225061935,-75.12839702821536
73,Penn Treaty Park,2,3,Y, ,Nearmap 2023,39.96673948261278,-75.12839427850159
74,Joseph E Mander Playground,0,7,N, ,Nearmap 2023,39.988878025206276,-75.18727115646776
75,Cobbs Creek Park,1,3,Y,N of Haverford Ave,PPR_Permittable_Spaces (2023),39.97291758502139,-75.25517986383656
76,Cobbs Creek Park,2,3,Y,N of Haverford Ave,PPR_Permittable_Spaces (2023),39.97303263514535,-75.25543794244588
77,Cobbs Creek Park,4,3,Y,N of Haverford Ave,PPR_Permittable_Spaces (2023),39.97382480630434,-75.25643539529865
78,Cobbs Creek Park,3,3,Y,N of Haverford Ave,PPR_Permittable_Spaces (2023),39.97328497274536,-75.25619007454388
79,West Fairmount Park,4,3,Y,Next to Kelly Pool,Street Smart 2023,39.978316348543885,-75.20765274690562
80,West Fairmount Park,3,4,Y,Next to Kelly Pool,Street Smart 2023,39.97845293861947,-75.20736562236385
81,West Fairmount Park,2,4,Y,Next to Kelly Pool,Street Smart 2023,39.978900629371736,-75.20704253076732
82,East Fairmount Park,8,3,Y,North to Lemon Hill,Street Smart 2023,39.9723856757768,-75.18726869122618
83,East Fairmount Park,5,2,Y,North of Lemon Hill Pavilion under trees.,Nearmap 2023,39.97206685424485,-75.18783644733476
84,East Fairmount Park,1,3,Y,Lemon Hill Pavilion,Nearmap 2023,39.97173768535397,-75.18782649020848
85,East Fairmount Park,6,3,Y,North to Lemon Hill,Nearmap 2023,39.97237719960799,-75.18816550928501
86,East Fairmount Park,7,3,Y,North to Lemon Hill,Nearmap 2023,39.971733664221155,-75.18874099369413
87,East Fairmount Park,2,3,Y,North to Lemon Hill,Nearmap 2023,39.97136965293431,-75.18848418423504
88,West Fairmount Park,4,3,Y,West Fairmount Park-S of Belmont & Edgley Cricket Fields,Nearmap 2023,39.99472312605775,-75.21317070784906
89,West Fairmount Park,3,3,Y,West Fairmount Park-S of Belmont & Edgley Cricket Fields,Nearmap 2023,39.99465678601395,-75.21346836626242
90,West Fairmount Park,2,1,Y,West Fairmount Park-S of Belmont & Edgley Cricket Fields,Nearmap 2023,39.99450658451281,-75.21386902892466
91,West Fairmount Park,1,3,Y,West Fairmount Park-S of Belmont & Edgley Cricket Fields,Nearmap 2023,39.99434287249799,-75.21401052792629
92,Chamounix Tennis Courts,0,2,Y,Chamounix Tennis Courts Pavilion,Nearmap 2023,39.99926218603915,-75.20223038439131
93,West Fairmount Park,1,5,Y,West Fairmount Park-North Georges Hill Picnic Pavilion,Nearmap 2023,39.98707619649391,-75.22286509171934
94,West Fairmount Park,2,3,Y,West Fairmount Park-North Georges Hill Picnic Pavilion Area,Nearmap 2023,39.98666213239298,-75.22297878624086
95,West Fairmount Park,4,1,N,North to Tugboat House at Belmont Landing,Nearmap 2023,39.98215030129358,-75.20526421707967
96,West Fairmount Park,0,1,N,N of Boelson Cottage,Nearmap 2023,39.991312426627815,-75.20003038766961
97,West Fairmount Park,0,1,N,N of Boelson Cottage,Nearmap 2023,39.990773903007394,-75.20067294624171
1,Belmont Grove,1,10,Y,West Fairmount Park- Belmont Grove Picnic Pavilion,Nearmap 2023,39.99252806272725,-75.21500343723882
2,Franklin Delano Roosevelt Park,7,3,Y, ,Nearmap 2023,39.9034494458027,-75.18316312043147
3,Franklin Delano Roosevelt Park,8,3,Y, ,Nearmap 2023,39.902252905522595,-75.1836174781935
4,Franklin Delano Roosevelt Park,9,3,Y, ,Nearmap 2023,39.901883930510195,-75.18360769117928
5,Franklin Delano Roosevelt Park,10,3,Y, ,Nearmap 2023,39.90126209555581,-75.18264723027977
6,Franklin Delano Roosevelt Park,11,3,Y, ,Nearmap 2023,39.90134512223414,-75.18215939199408
7,Franklin Delano Roosevelt Park,12,3,Y, ,Nearmap 2023,39.90161559732148,-75.18102183724226
8,Franklin Delano Roosevelt Park,13,3,Y,Non-fixed tables,Nearmap 2023,39.899627185220126,-75.17875169121585
9,Franklin Delano Roosevelt Park,14,3,Y,Non-fixed tables,Nearmap 2023,39.89977729241938,-75.17846629339316
10,Franklin Delano Roosevelt Park,20,3,N, ,Nearmap 2023,39.90175299526535,-75.17629086626853
11,Franklin Delano Roosevelt Park,18,3,Y, ,Nearmap 2023,39.90131881434162,-75.17628248978124
12,Franklin Delano Roosevelt Park,19,3,Y, ,Nearmap 2023,39.9013759019535,-75.17718573783156
13,Franklin Delano Roosevelt Park,15,3,Y,Non-fixed tables,Nearmap 2023,39.899846879571164,-75.17798752444237
14,Franklin Delano Roosevelt Park,16,3,Y,Non-fixed tables,Nearmap 2023,39.89992790846095,-75.17763887568746
15,Franklin Delano Roosevelt Park,17,3,Y,Non-fixed tables,Nearmap 2023,39.90005337414432,-75.17710989867469
16,Franklin Delano Roosevelt Park,21,3,Y, ,Nearmap 2023,39.9026076994476,-75.17569934597014
17,Fernhill Park,1,4,Y,Pavilion,Nearmap 2023,40.020323038772574,-75.16696200190141
18,Fernhill Park,2,4,Y,Picnic Pavilion,Nearmap 2023,40.01960428148805,-75.16899836999809
19,Fernhill Park,3,3,Y,Under trees,"2017 Field Collection; Nearmap 2023",40.019295688905935,-75.1695521656841
20,Blue Bell Park,3,3,Y,Wissahickon Valley Park,Nearmap 2023,40.032008210018965,-75.19581689424368
21,Blue Bell Park,2,3,Y,Wissahickon Valley Park,"Nearmap 2023;Permittable Spaces",40.031542629531685,-75.1954070874608
22,Blue Bell Park,1,3,Y,Wissahickon Valley Park - Blue Bell Pavilion,Nearmap 2023,40.03122566614615,-75.19524846931101
23,Blue Bell Park,4,3,Y,Wissahickon Valley Park,Nearmap 2023,40.030715951889235,-75.19494779212663
24,Blue Bell Park,5,3,Y,Wissahickon Valley Park,Nearmap 2023,40.030592482013766,-75.19522365835415
25,Blue Bell Park,6,3,Y,Wissahickon Valley Park,Nearmap 2023,40.030404387640516,-75.1951223304549
26,David P Montgomery Field,1,2,Y, ,Nearmap 2023,40.022083218154435,-75.20333762812562
27,Salvatore Pachella Memorial Field,1,4,Y,"Under the pavilion; Located in Wissahickon Valley Park.",Nearmap 2023,40.04579846856052,-75.21587505944953
28,Wissahickon Valley Park,0,5,N,Valley Green Inn,Nearmap 2023,40.05345916649147,-75.21770135432514
29,Wissahickon Valley Park,2,2,Y,"N of Wises Mill Rd, along Forbidden Drive.",Nearmap 2023,40.05887518223775,-75.2204400102079
30,Wissahickon Valley Park,0,2,N,N of Rex Avenue Shelter,Nearmap 2021,40.06640700959495,-75.22068723549285
31,Wissahickon Valley Park,0,1,N,S of Thomas Mill Road Comfort Station,Nearmap 2022,40.071299073198034,-75.22462052314825
32,Wissahickon Valley Park,0,1,N,N of Thomas Mill Dr,Nearmap 2022,40.07308389503201,-75.22474199642845
161,Cecil B Moore Recreation Center,0,1,N, ,Nearmap 2023,39.994177524733615,-75.16769781572
162,Corporal Jimmy OConnor Memorial Playground,0,2,N,Formerly Chalfont Playground,Nearmap 2023,40.07949123459234,-74.97462204457177
163,Charles H Chew Playground,0,2,N, ,Nearmap 2023,39.93781769198442,-75.17401701976061
164,Clarence H Clark Park,0,12,N,"Count can change, since tables are not fixed.",Nearmap 2023,39.94898035173633,-75.20984765786655
165,Clayborne and Lewis Playground,0,4,N, ,Nearmap 2023,39.973644914969555,-75.1990185783011
166,Cloverly Park,0,1,N, ,Nearmap 2023,40.02555107989831,-75.18072724702449
167,Jose Manuel Collazo Park,0,2,N, ,Nearmap 2023,39.99958275455475,-75.1304966947294
168,Rainbow De Colores Playground,0,2,N, ,Nearmap 2023,39.98679562601218,-75.14154365021007
169,Rainbow De Colores Playground,0,1,N, ,Nearmap 2023,39.98695212869186,-75.14187389957593
170,John Dickinson Square,0,3,N, ,Nearmap 2023,39.92778632154709,-75.15187733306979
171,East Poplar Playground,0,5,N, ,Nearmap 2023,39.96663508406296,-75.15126939698875
172,Fishtown Recreation Center,0,5,N, ,Nearmap 2023,39.972016162861344,-75.12778409877778
173,Eileen Fitzpatrick Playground,0,2,N, ,Nearmap 2023,40.096269411064064,-74.97184618055546
174,Ford Road Playground,0,1,N,1 table on path,Nearmap 2023,39.999433554191434,-75.20642556401297
175,Fort Mifflin,0,16,N, ,Nearmap 2023,39.875169025001384,-75.2114557603636
176,Fox Chase Recreation Center,0,5,N, ,Nearmap 2023,40.07417290905007,-75.08250337946154
177,Frankford and Solly Playground,0,1,N, ,Nearmap 2023,40.043988169299716,-75.02094784554629
178,Franklin Square,0,6,N, ,Nearmap 2023,39.95543677941933,-75.15078549744224
179,Franklin Square,0,5,N, ,Nearmap 2023,39.955932706230726,-75.1510492883223
180,Susan Gorgas Park,0,1,N, ,Nearmap 2023,40.036944108060126,-75.22049410337637
181,Thomas I Guerin Recreation Center,0,3,N, ,Nearmap 2023,39.92335470275951,-75.17280860289549
182,Eric W (Hank) Gathers Jr Recreation Center,0,3,N, ,Nearmap 2023,39.98742698720379,-75.1758189156207
183,Eric W (Hank) Gathers Jr Recreation Center,0,2,N, ,Nearmap 2023,39.987590754937834,-75.1747983477085
184,Hawthorne Cultural Center,0,4,N, ,Nearmap 2023,39.93848295450207,-75.16363641435568
185,Nelson M Herron Playground and Recreation Center,0,5,N, ,Nearmap 2023,39.930583778938015,-75.14847690843379
186,Horton Street Play Lot,0,2,N, ,Nearmap 2023,39.96626884446822,-75.24323772574834
187,Inn Yard Park,0,1,N, ,Nearmap 2023,40.009217707747474,-75.19507898623742
188,Kingsessing Recreation Center,0,1,N, ,Nearmap 2023,39.94185807426277,-75.21732708862595
189,Lardners Point Park,0,2,N, ,Nearmap 2023,40.01422427501639,-75.04784659605305
190,Lardners Point Park,0,2,N, ,Nearmap 2023,40.01419736650236,-75.04759466492516
191,Lardners Point Park,0,2,N, ,Nearmap 2023,40.01470715601889,-75.04648421716699
192,John A Lee Cultural Center,0,3,N, ,Nearmap 2023,39.96224879697709,-75.2102763091137
193,Louis I Kahn Park,0,4,N,Fixed tables,Nearmap 2023,39.945111343621896,-75.15998838934148
194,Malcolm X Memorial Park,0,1,Y,Fixed Table,Nearmap 2023,39.9530552227429,-75.22555909667396
195,Mantua Community Garden,0,2,N, ,Nearmap 2023,39.9635481618656,-75.19185431114151
196,Mario Lanza Park,0,2,N,Non-fixed picnic tables.,Nearmap 2023,39.93733007584737,-75.14727912319142
197,Dr Martin Luther King Jr Recreation Center,0,2,N, ,Nearmap 2023,39.980564920883374,-75.16980106535092
198,Max Myers Playground,0,3,N, ,Nearmap 2023,40.03933514017071,-75.07123978228665
199,Mifflin Square,0,3,N, ,Nearmap 2023,39.918984165950846,-75.15670966626399
200,Mount Airy Playground,0,2,N, ,Nearmap 2023,40.0576814926327,-75.18833466719204
201,Mount Airy Playground,0,2,N, ,Nearmap 2023,40.0575971990891,-75.1876291462282
202,Mount Airy Playground,0,1,N, ,Nearmap 2023,40.05766602969325,-75.18802178776397
203,Fish Hatchery at Pleasant Hill Park,0,2,N, ,Nearmap 2023,40.0427638499947,-74.99314760888538
204,Fish Hatchery at Pleasant Hill Park,0,4,N, ,Nearmap 2023,40.04314924920451,-74.99300415106269
205,Hawthorne Cultural Center,0,6,N,Ridgway Park/Pool is considered a park of Hawthorne Cultural Center.,Nearmap 2023,39.93896292679836,-75.16462485574054
206,Charles A Russo Playground,0,2,N, ,Nearmap 2023,40.030142639745335,-75.0343562241594
207,William H (Billy) Markward Memorial Playground,0,3,N, ,Nearmap 2023,39.94781522922052,-75.1833689981312
208,William H (Billy) Markward Memorial Playground,0,6,N, ,Nearmap 2023,39.948070155130296,-75.18308509737362
209,Haddington-Marshall L Shepard Sr Recreation Center,0,11,N, ,Nearmap 2023,39.96689962016928,-75.23440525541662
210,Thomas B Smith Recreation Center,0,2,N, ,Nearmap 2023,39.925920707657305,-75.18699646006574
211,Starr Garden Playground,0,2,N,Non-fixed picnic tables.,Nearmap 2023,39.94268971040786,-75.152770951411
212,Torresdale and Enfield Fields,0,3,N, ,Nearmap 2023,40.03881864019905,-75.02068435737641
213,Triangle Park,0,2,Y, ,Nearmap 2023,39.98353275454204,-75.23178487293102
214,Ernest L Tustin Recreation Center,0,4,N, ,Nearmap 2023,39.982105216041866,-75.24119264457156
215,Vernon Park,0,3,N, ,Nearmap 2023,40.03575469671135,-75.17696331099104
216,Verree and Susquehanna Playground,0,5,Y, ,Nearmap 2023,40.080792246198506,-75.0672262977702
217,Parkside Evans Recreation Center,0,5,N, ,Nearmap 2023,39.98219650488739,-75.22629039443243
218,West Mill Creek Playground,0,2,N, ,Nearmap 2023,39.967006158924455,-75.2224279998287
219,Wissahickon Environmental Center,0,3,N,Non-fixed picnic tables sw of the house.,Nearmap 2023,40.08091019407432,-75.23425628847214
220,Wissahickon Environmental Center,0,2,N,Non-fixed picnic tables near fire pit,Nearmap 2023,40.08132091895188,-75.23439057355522
221,Wissahickon Environmental Center,0,1,N,Non-fixed table,Nearmap 2023,40.08127594719813,-75.23375042699968
222,Wissinoming Park,0,12,N, ,Nearmap 2023,40.02449687991979,-75.0693678706666
223,Woodside Park,0,1,N, ,Nearmap 2023,40.002323097090766,-75.20896807053177
224,William Lanier Park,0,5,N, ,Nearmap 2023,39.93342868262924,-75.19402665913351
225,Stenton Park,0,2,N, ,Nearmap 2023,40.024335995865435,-75.15266997330366
226,Stenton Park,0,2,N, ,Nearmap 2023,40.02401297719081,-75.15251997905293
227,Fernhill Park,0,1,Y, ,Nearmap 2023,40.016071150032985,-75.17012598866415
228,Disston Recreation Center,0,3,N,Installed during renovations 11/2019.,Nearmap 2023,40.027983597453726,-75.04405775736731
229,Garland and Bingham Fields,0,2,N, ,Nearmap 2023,40.034244630855554,-75.11046891695824
230,Mount Airy Playground,0,2,N, ,Nearmap 2023,40.05766330373475,-75.18770702384722
231,Mount Airy Playground,0,2,N, ,Nearmap 2023,40.05775802443692,-75.18848077627622
232,Water Tower Recreation Center,0,2,N, ,Nearmap 2023,40.075869632944034,-75.20045815617426
233,Water Tower Recreation Center,0,2,N, ,Nearmap 2023,40.075358729771956,-75.20046743214354
234,Corporal George J Reed Jr Memorial Playground,0,2,N, ,Nearmap 2023,40.00275426272734,-75.13321415989391
235,Stephen E Fotterall Square,0,4,N, ,"Nearmap 2023; visted site 8/23/23",39.99020258369481,-75.15100574529633
236,37th and Mount Vernon Playground,0,2,N, ,Nearmap 2023,39.96402650001221,-75.19644756231733
237,East Fairmount Park,0,2,N,N 33rd St and Cecil B Moore Ave,Nearmap 2023,39.982367744086005,-75.18933384587562
238,Clarence H Clark Park,0,1,Y, ,Nearmap 2023,39.94785265323404,-75.21089366880457
239,Clarence H Clark Park,0,1,Y, ,Nearmap 2023,39.94774823361305,-75.21077714691023
240,Clarence H Clark Park,0,1,N, ,Nearmap 2023,39.94709689579134,-75.20928612486496
241,Cobbs Creek Park,0,1,Y,North to Cobbs Creek Community Environmental Center,Nearmap 2023,39.95341276627037,-75.24935421780927
242,Bartrams Garden,0,9,N,North to Bartram's Garden Greenhouse 3,Nearmap 2023,39.93041827409467,-75.2135982828577
243,Bartrams Garden,0,1,N,East to Bartram's Garden Farm Shed,Nearmap 2023,39.93041599182729,-75.21340886071971
244,Jacob Stinger Park,0,2,N,Fixed tables,Nearmap 2023,39.936423116122334,-75.1973904335459
245,Thomas B Smith Recreation Center,0,2,N, ,Nearmap 2023,39.92586819620428,-75.18679730075573
246,Thomas B Smith Recreation Center,0,1,N, ,Nearmap 2023,39.92626243048451,-75.18720538487183
247,Thomas B Smith Recreation Center,0,1,N, ,Nearmap 2023,39.92620974156562,-75.18730546408783
248,Thomas B Smith Recreation Center,0,1,N, ,Nearmap 2023,39.92623096923018,-75.18753850051515
249,Thomas I Guerin Recreation Center,0,2,N, ,Nearmap 2023,39.92324936748868,-75.17272528198484
251,Franklin Square,0,5,N, ,Nearmap 2023,39.955743131972035,-75.15000438959069
252,Shot Tower Recreation Center,0,2,N, ,Nearmap 2023,39.93486940145658,-75.1463822543125
253,Victor J Moss Memorial Field,0,4,N,Installed 10/2019 during renovations.,Nearmap 2023,40.01599990984507,-75.06277503642534
254,Karen Donnelly Park,0,3,N,Installed between 2008-2010,Nearmap 2023,39.92907425145628,-75.14936407165621
255,Bartrams Garden,0,3,N,Non-fixed picnic tables near the boat launch,Nearmap 2023,39.933364360850426,-75.20848982046887
256,Bartrams Garden,0,1,N,In the Sankofa Community Farm,Nearmap 2023,39.93102073278925,-75.21340711572343
257,Bartrams Garden,0,3,N,To the east of the Sankofa Community Farm,Nearmap 2023,39.93024691962171,-75.2125034601388
258,Roberto Clemente Playground,0,1,N, ,Nearmap 2023,39.96561680342947,-75.16753095810766
259,Pennypack on the Delaware,0,1,N,Along the Baxter Trail west of bridge.,Nearmap 2023,40.03298619148022,-75.00782961054003
260,Pine Road Picnic Shelter,0,0,Y,Picnic Shelter unable to see number of tables from aerials,GIS Review 2023,40.08843939678442,-75.06749912053837
261,Pennypack Park,0,5,N,Located next to the Pennypack Environmental Education Center,Nearmap 2023,40.08778656971788,-75.05928638997553
262,Wissahickon Valley Park,0,4,N,Located next to Valley Green Inn,Nearmap 2023,40.05436879212199,-75.21823817098911
263,Wissahickon Valley Park,0,3,N,"Located at Monastery Stables; Non-fixed tables.",Nearmap 2023,40.03664430023603,-75.20447716546917
264,Glen Foerd on the Delaware,0,3,N,Located to the north of the Carriage House and Water Tower,Nearmap 2023,40.05312450998247,-74.98024078690742
265,Pennypack Park,0,2,N,"Located at the Pegasus Riding Academy; Non-Fixed tables",Nearmap 2023,40.06685601277311,-75.05049805370749
266,Pennypack Park,0,1,N,"Solly Stables Campus Location; Non-Fixed tables",Nearmap 2023,40.07280953551572,-75.068768482581
267,Verree and Susquehanna Playground,0,1,N,Fixed table underneath the tree.,Nearmap 2023,40.08049267107942,-75.06752123148712
268,Pennypack Park,0,1,N,"Non-Fixed Table next to fire pit, just south of the Pine Road Picnic Shelter",Nearmap 2023,40.08819621495269,-75.06772356010929
269,Pennypack Park,0,3,Y,Mix of Fixed and Non-Fixed Tables at the Pine Road Trailhead Parking Lot,Nearmap 2023,40.08970264618895,-75.06884762397621
270,Burholme Park,0,5,N,Fixed tables around the playgrounds,Nearmap 2023,40.068975498339256,-75.09009568927094
271,Fox Chase Farm,0,25,N,"Non-Fixed Tables related to Fox Chase Farm , may not be publicly accessible.",Nearmap 2023,40.09026947779425,-75.07488325375098
272,Fox Chase Farm,0,8,N,"Non-Fixed Tables related to Fox Chase Farm , may not be publicly accessible. Behind the Manor House",Nearmap 2023,40.09077794982589,-75.07392205610013
273,Ann P Nichols Park,0,2,N,Non-Fixed Tables,Nearmap 2023,39.963598207946966,-75.22953292455273
274,John J McCreesh Sr Playground,0,4,N,Renovated during 2020 Site Upgrades. Mix of fix and non-fixed tables.,Nearmap 2023,39.92563194125308,-75.24067052285373
275,Gold Star Park,0,2,N,"2 fixed tables (1 standard, 1 ADA)",Nearmap 2023,39.93288925219609,-75.15507856640177
276,Historic Rittenhouse Town,0,7,N,7 Non-Fixed Tables located near Rittenhouse Building 211.,Nearmap 2023,40.029063857042644,-75.1919757396993
277,Hancock Playground,0,2,N,Rebuild Site Renovations in 2020. Fixed Tables.,Nearmap 2023,39.972402636827866,-75.13721954001427
278,Hancock Playground,0,3,N,Rebuild Site Renovations in 2020. Fixed Tables.,Nearmap 2023,39.97275948992646,-75.13740113522518
279,Miles Mack Playground,0,5,N,5 fixed tables installed in 2021,Nearmap 2023,39.96720099145039,-75.19608747998157
280,8th and Diamond Playground,0,5,N,"2 fixed picnic tables, 3 smaller game tables; Installed 2020-2021 (Rebuild)",Nearmap 2023,39.983322855407785,-75.14727771322544
281,Fisher Park,0,3,N,Non-fixed tables,Nearmap 2023,40.04355188239663,-75.13068801399726
282,Carmella DiTizio Playground,0,5,N, ,Nearmap 2023,40.01115904471476,-75.07319581281239
283,Dr Martin Luther King Jr Recreation Center,0,3,N, ,Nearmap 2023,39.98033904128274,-75.16941869777541
284,Columbus Square,0,6,N, ,Nearmap 2023,39.93295916166709,-75.16439459567347
285,Jacob Stinger Park,0,3,N,Fixed tables,NearMap 2023,39.93598531885194,-75.19822121861516
286,Marie Dendy Recreation Center,0,2,N, ,Nearmap 2023,39.975206664569725,-75.1511344715391
287,Benson Park,0,4,N, ,Nearmap 2023,39.97356853967676,-75.14311564243437
288,Von Colln Field,0,4,N, ,Nearmap 2023,39.9638095262565,-75.1762185897108
289,Carousel House Recreation Center,0,3,N,Non-fixed tables,Nearmap 2023,39.97854638133063,-75.21283372236523
290,Woodside Park,0,1,N, ,Nearmap 2023,40.00221773313201,-75.20834962170377
291,Carousel House Recreation Center,0,2,N,Non-fixed tables,Nearmap 2023,39.97948895751866,-75.21359774315334
292,Jacob Stinger Park,0,2,N,Fixed tables,NearMap 2023,39.93648029150554,-75.19776051744236
293,Stephen E Fotterall Square,0,2,N, ,"Nearmap 2023; visted site 8/23/23",39.98915847512481,-75.15029675627774
294,Stephen E Fotterall Square,0,2,N, ,"Nearmap 2023; visted site 8/23/23",39.9898055676103,-75.15015626379754
295,Frank Glavin Playground,0,4,N,Fixed picnic tables,"Nearmap 2023; Capital drawings 2023",39.986577637269846,-75.1013488105719
296,Frank Glavin Playground,0,1,N,Fixed picnic table,"Nearmap 2023; Capital drawings 2023",39.986224923485366,-75.1013945962286
297,George Jacobs Playground,0,3,N,Installed during 2023 renovations,"Nearmap 2023; Capital drawings 2023",40.052343566086925,-75.00249133872252
298,12th and Cambria Playground,0,2,N,Fixed Tables,Nearmap 2023,39.996865004283876,-75.14983240849297
299,Joseph A Ferko Playground,0,5,N,Fixed Tables,Nearmap 2023,40.01481476246983,-75.10540647839422
300,Charles J Ziehler Playground,0,3,N,Fixed Tables,Nearmap 2023,40.033736152235555,-75.11818874079353
301,Northwood Park,0,3,N,"2 Full Sized Tables, 1 Kids Table",Nearmap 2023,40.022458350098354,-75.09303620300776
302,Lawncrest Recreation Center,0,3,N, ,Nearmap 2023,40.04584835959466,-75.1006749813665
303,Lawncrest Recreation Center,0,5,N, ,Nearmap 2023,40.04624053580622,-75.10063896533485
304,Lawncrest Recreation Center,0,2,N, ,Nearmap 2023,40.045850925942,-75.10113153505321
305,Lawncrest Recreation Center,0,2,N, ,Nearmap 2023,40.0457041019978,-75.10081763733041
306,Alfred J Simpson Memorial Recreation Center,0,2,N, ,Nearmap 2023,40.021611942228546,-75.0933109017385
307,Boniface Piccoli Playground,0,3,N,Fixed tables,Nearmap 2023,40.01297963074613,-75.09729015243866
308,Womrath Park,0,2,N,Fixed tables,Nearmap 2023,40.00806918528848,-75.09081150845715
309,Juniata Park Older Adult Center,0,2,N, ,Nearmap 2023,40.00384364998274,-75.10434753083707
310,Konrad Square,0,2,N,Fixed tables,Nearmap 2023,39.97920320751611,-75.12770104456096
311,Hagert Street Playground,0,3,N,Fixed tables,Nearmap 2023,39.98346565479385,-75.12824099676388
312,Thomas P Stokley Recreation Center,0,2,N,Fixed tables,Nearmap 2023,39.982019545789434,-75.10692710501617
313,Colonel Thomas J Powers Park,0,2,N,Fixed tables on oppositte sides of circle,Nearmap 2023,39.982519342572566,-75.10892798350659
314,Michael Palmer Playground,,2,N,,Nearmap 2023,40.095947800516015,-74.98926888093526
315,Saul High School Farm,,3,N,,Nearmap 2023,40.049369258710335,-75.21907485661573
316,Harry S McDevitt Playground,,2,N,,Nearmap 2023,40.00891816601452,-75.18732703973285
317,Marie Dendy Recreation Center,0,1,N, ,Nearmap 2023,39.976237157937796,-75.15088797542214
318,East Poplar Playground,0,2,N, ,Nearmap 2023,39.96616889138669,-75.1514598124086
319,Waterloo Playground,,4,N,,Nearmap 2023,39.989075012080086,-75.13278690649068
320,Waterloo Playground,,3,N,,Nearmap 2023,39.9881531265144,-75.13315644577926
321,Norris Square,,2,N,,Nearmap 2023,39.982533713932895,-75.13403806788739
322,Delancey Park,,3,N,Fixed tables,Nearmap 2023,39.94424451286449,-75.14800838059031
323,Schuylkill River Park,,3,N,Not Fixed,Nearmap 2023,39.94895050440601,-75.18166749767738
324,Schuylkill River Park,,2,N,Not Fixed,Nearmap 2023,39.94821803903621,-75.18282046412321
325,East Fairmount Park,,5,N,Non-fixed tables,Nearmap 2023,39.992574596928115,-75.18760529739902
326,Wissinoming Park,,3,N,,2023 GIS Team site visit,40.02391694004544,-75.07042577673438
327,Belmont Plateau,4,2,Y,West Fairmount Park,Nearmap 2023,39.98913530893626,-75.21063871102395
328,West Fairmount Park,0,1,N,Next to Cedar Grove,Nearmap 2023,39.98155997444646,-75.22257225472082
329,South Philadelphia High School Park,,3,N,,Nearmap 2023,39.92379708060883,-75.16949398475954
330,Franklin Delano Roosevelt Park,0,3,Y,Installed in 2023 during renovation.,Nearmap 2023,39.904143447735294,-75.1792156707245
331,John Dickinson Square,0,3,N,Installed 9/2023,Nearmap 2023,39.92777063617505,-75.15133318455915
332,Columbus Square,0,6,N, ,Nearmap 2023,39.93329240411149,-75.16536648659222
333,Dr Nicola Capitolo Playground,0,2,N,,Nearmap 2023,39.933506636936606,-75.15920514766859
334,Edward Shippen Plaza (Bainbridge Green),0,2,N,New in 2023,Nearmap 2023,39.94082480686681,-75.15062277940763
335,Edward Shippen Plaza (Bainbridge Green),0,2,N,New in 2023,Nearmap 2023,39.940694149205605,-75.14968617483238
336,Sister Clara Muhammad Square,0,3,N,,Nearmap 2023,39.97156739248435,-75.21670385435004
337,Albert W Christy Sr Recreation Center,0,1,N,New in 2023,Nearmap 2023,39.948698395555,-75.23508595460612
338,Franklin Delano Roosevelt Park,0,3,Y,Added in 2023 Renovation,Nearmap 2023,39.904177124800356,-75.1786255753585
339,Ford Road Playground,0,1,N,1 table on path,Nearmap 2023,39.99973750161291,-75.20635158263065
340,Ford Road Playground,1,1,N,1 table under the gazebo.,Nearmap 2023,39.9994427016509,-75.206129937823
